Area,County FIPS,Percent
"Presidio, Texas","48377","43.0"
"Hudspeth, Texas","48229","42.6"
"Maverick, Texas","48323","29.5"
"Fort Bend, Texas","48157","29.3"
"Dallam, Texas","48111","28.2"
"Ochiltree, Texas","48357","27.7"
"Gaines, Texas","48165","27.0"
"Starr, Texas","48427","26.6"
"Garza, Texas","48169","26.5"
"Harris, Texas","48201","26.2"
"Hidalgo, Texas","48215","26.1"
"Moore, Texas","48341","26.0"
"Kenedy, Texas","48261","25.4"
"Webb, Texas","48479","25.2"
"Dallas, Texas","48113","24.5"
"Parmer, Texas","48369","24.1"
"Crane, Texas","48103","24.0"
"El Paso, Texas","48141","23.6"
"Glasscock, Texas","48173","22.9"
"Cameron, Texas","48061","22.8"
"Sherman, Texas","48421","22.4"
"Val Verde, Texas","48465","22.2"
"Bailey, Texas","48017","21.9"
"Collin, Texas","48085","21.8"
"Zapata, Texas","48505","21.1"
"Yoakum, Texas","48501","20.0"
"Titus, Texas","48449","19.5"
"Hansford, Texas","48195","19.4"
"Frio, Texas","48163","18.3"
"Reeves, Texas","48389","18.0"
"Castro, Texas","48069","17.8"
"Travis, Texas","48453","17.4"
"Cochran, Texas","48079","16.3"
"Tarrant, Texas","48439","16.3"
"Deaf Smith, Texas","48117","16.3"
"Hemphill, Texas","48211","16.2"
"Andrews, Texas","48003","16.0"
"Denton, Texas","48121","15.9"
"Potter, Texas","48375","15.6"
"Ector, Texas","48135","15.6"
"Winkler, Texas","48495","15.5"
"King, Texas","48269","14.8"
"Reagan, Texas","48383","14.3"
"Culberson, Texas","48109","14.2"
"Lipscomb, Texas","48295","14.1"
"Montgomery, Texas","48339","13.8"
"Midland, Texas","48329","13.8"
"Pecos, Texas","48371","13.7"
"Williamson, Texas","48491","13.6"
"Brazoria, Texas","48039","13.5"
"Concho, Texas","48095","13.4"
"Willacy, Texas","48489","13.2"
"Navarro, Texas","48349","13.2"
"Swisher, Texas","48437","13.1"
"Bexar, Texas","48029","13.1"
"Sutton, Texas","48435","13.1"
"Jeff Davis, Texas","48243","12.7"
"Kinney, Texas","48271","12.7"
"Brewster, Texas","48043","12.7"
"Calhoun, Texas","48057","12.6"
"Brazos, Texas","48041","12.4"
"Jefferson, Texas","48245","12.1"
"Gonzales, Texas","48177","11.8"
"Waller, Texas","48473","11.8"
"Caldwell, Texas","48055","11.7"
"Hall, Texas","48191","11.6"
"Bastrop, Texas","48021","11.6"
"Uvalde, Texas","48463","11.6"
"Matagorda, Texas","48321","11.1"
"Crockett, Texas","48105","10.8"
"Brooks, Texas","48047","10.6"
"Howard, Texas","48227","10.5"
"Madison, Texas","48313","10.4"
"Dimmit, Texas","48127","10.2"
"Liberty, Texas","48291","10.2"
"Lamb, Texas","48279","10.2"
"Cherokee, Texas","48073","10.1"
"Hale, Texas","48189","10.1"
"Austin, Texas","48015","10.0"
"Karnes, Texas","48255","9.9"
"Galveston, Texas","48167","9.9"
"Colorado, Texas","48089","9.8"
"Martin, Texas","48317","9.7"
"Gray, Texas","48179","9.6"
"Limestone, Texas","48293","9.5"
"Collingsworth, Texas","48087","9.3"
"Ward, Texas","48475","9.3"
"Hays, Texas","48209","9.3"
"Camp, Texas","48063","9.3"
"Smith, Texas","48423","9.3"
"Upton, Texas","48461","9.2"
"Edwards, Texas","48137","9.1"
"Gillespie, Texas","48171","9.1"
"Lee, Texas","48287","9.1"
"Wheeler, Texas","48483","9.1"
"Nueces, Texas","48355","8.9"
"Rockwall, Texas","48397","8.9"
"Knox, Texas","48275","8.9"
"Wharton, Texas","48481","8.8"
"Comanche, Texas","48093","8.5"
"Terry, Texas","48445","8.4"
"McLennan, Texas","48309","8.4"
"Hartley, Texas","48205","8.4"
"Hockley, Texas","48219","8.4"
"Fayette, Texas","48149","8.3"
"Dickens, Texas","48125","8.3"
"Angelina, Texas","48005","8.3"
"Kaufman, Texas","48257","8.3"
"Chambers, Texas","48071","8.2"
"Gregg, Texas","48183","8.2"
"Floyd, Texas","48153","8.1"
"Burnet, Texas","48053","8.0"
"Shelby, Texas","48419","8.0"
"Schleicher, Texas","48413","8.0"
"Erath, Texas","48143","7.9"
"Hopkins, Texas","48223","7.8"
"Ellis, Texas","48139","7.8"
"Bell, Texas","48027","7.7"
"Young, Texas","48503","7.7"
"Hardeman, Texas","48197","7.6"
"Cooke, Texas","48097","7.6"
"Nacogdoches, Texas","48347","7.6"
"Childress, Texas","48075","7.5"
"Walker, Texas","48471","7.4"
"Scurry, Texas","48415","7.4"
"Wise, Texas","48497","7.3"
"Briscoe, Texas","48045","7.3"
"Hill, Texas","48217","7.2"
"Rusk, Texas","48401","7.1"
"San Jacinto, Texas","48407","6.9"
"Jackson, Texas","48239","6.9"
"Guadalupe, Texas","48187","6.9"
"Hunt, Texas","48231","6.9"
"Kendall, Texas","48259","6.9"
"Kerr, Texas","48265","6.8"
"Franklin, Texas","48159","6.8"
"Freestone, Texas","48161","6.8"
"Atascosa, Texas","48013","6.8"
"Blanco, Texas","48031","6.7"
"Taylor, Texas","48441","6.7"
"Sterling, Texas","48431","6.6"
"Grayson, Texas","48181","6.6"
"Nolan, Texas","48353","6.5"
"Victoria, Texas","48469","6.5"
"Coleman, Texas","48083","6.5"
"Grimes, Texas","48185","6.5"
"Bosque, Texas","48035","6.4"
"Lubbock, Texas","48303","6.3"
"Mills, Texas","48333","6.2"
"Burleson, Texas","48051","6.2"
"Wilbarger, Texas","48487","6.1"
"Kleberg, Texas","48273","6.1"
"San Saba, Texas","48411","6.1"
"Bandera, Texas","48019","6.1"
"Washington, Texas","48477","6.0"
"Anderson, Texas","48001","6.0"
"Comal, Texas","48091","6.0"
"Palo Pinto, Texas","48363","5.9"
"Crosby, Texas","48107","5.9"
"Coryell, Texas","48099","5.8"
"La Salle, Texas","48283","5.8"
"Wichita, Texas","48485","5.8"
"Stephens, Texas","48429","5.8"
"Medina, Texas","48325","5.8"
"McMullen, Texas","48311","5.6"
"McCulloch, Texas","48307","5.6"
"Oldham, Texas","48359","5.6"
"Goliad, Texas","48175","5.5"
"Leon, Texas","48289","5.5"
"Zavala, Texas","48507","5.4"
"Tom Green, Texas","48451","5.4"
"Morris, Texas","48343","5.4"
"Randall, Texas","48381","5.3"
"Somervell, Texas","48425","5.3"
"Live Oak, Texas","48297","5.2"
"Lampasas, Texas","48281","5.2"
"Polk, Texas","48373","5.1"
"Menard, Texas","48327","5.1"
"Jack, Texas","48237","5.0"
"Hutchinson, Texas","48233","5.0"
"Hamilton, Texas","48193","4.9"
"Harrison, Texas","48203","4.9"
"Falls, Texas","48145","4.9"
"Parker, Texas","48367","4.8"
"Henderson, Texas","48213","4.8"
"San Patricio, Texas","48409","4.8"
"Coke, Texas","48081","4.8"
"Kimble, Texas","48267","4.7"
"Milam, Texas","48331","4.7"
"Eastland, Texas","48133","4.7"
"Fannin, Texas","48147","4.7"
"Lavaca, Texas","48285","4.7"
"Haskell, Texas","48207","4.6"
"Dawson, Texas","48115","4.6"
"San Augustine, Texas","48405","4.5"
"Robertson, Texas","48395","4.5"
"Runnels, Texas","48399","4.5"
"Mason, Texas","48319","4.5"
"Bowie, Texas","48037","4.4"
"Wilson, Texas","48493","4.4"
"Johnson, Texas","48251","4.4"
"Jones, Texas","48253","4.2"
"Llano, Texas","48299","4.2"
"Brown, Texas","48049","4.1"
"Trinity, Texas","48455","4.1"
"Wood, Texas","48499","4.1"
"Aransas, Texas","48007","4.1"
"Lynn, Texas","48305","3.9"
"Panola, Texas","48365","3.8"
"Rains, Texas","48379","3.7"
"Archer, Texas","48009","3.7"
"Lamar, Texas","48277","3.6"
"Foard, Texas","48155","3.6"
"Irion, Texas","48235","3.6"
"Upshur, Texas","48459","3.6"
"Montague, Texas","48337","3.6"
"Jim Wells, Texas","48249","3.5"
"Van Zandt, Texas","48467","3.5"
"Tyler, Texas","48457","3.4"
"Red River, Texas","48387","3.1"
"Orange, Texas","48361","3.1"
"Bee, Texas","48025","3.1"
"Hood, Texas","48221","3.1"
"Jasper, Texas","48241","3.1"
"DeWitt, Texas","48123","3.0"
"Houston, Texas","48225","3.0"
"Duval, Texas","48131","2.9"
"Clay, Texas","48077","2.8"
"Shackelford, Texas","48417","2.8"
"Baylor, Texas","48023","2.8"
"Jim Hogg, Texas","48247","2.6"
"Cass, Texas","48067","2.6"
"Mitchell, Texas","48335","2.6"
"Donley, Texas","48129","2.5"
"Fisher, Texas","48151","2.4"
"Armstrong, Texas","48011","2.1"
"Marion, Texas","48315","2.0"
"Carson, Texas","48065","2.0"
"Real, Texas","48385","1.9"
"Hardin, Texas","48199","1.8"
"Roberts, Texas","48393","1.7"
"Throckmorton, Texas","48447","1.6"
"Sabine, Texas","48403","1.6"
"Refugio, Texas","48391","1.5"
"Stonewall, Texas","48433","1.3"
"Loving, Texas","48301","1.2"
"Callahan, Texas","48059","1.1"
"Newton, Texas","48351","0.8"
"Delta, Texas","48119","0.8"
"Kent, Texas","48263","0.8"
"Terrell, Texas","48443","0.8"
"Borden, Texas","48033","0.7"
"Motley, Texas","48345","0.6"
"Cottle, Texas","48101","no data/suppressed"

"undefined"