Area,County FIPS,Dollars
"Rockwall, Texas","48397","111595"
"Collin, Texas","48085","104327"
"Fort Bend, Texas","48157","102590"
"Kendall, Texas","48259","100706"
"Denton, Texas","48121","96265"
"Williamson, Texas","48491","94705"
"Chambers, Texas","48071","93707"
"Somervell, Texas","48425","89253"
"Montgomery, Texas","48339","88597"
"Parker, Texas","48367","88535"
"Midland, Texas","48329","88210"
"Brazoria, Texas","48039","87958"
"Comal, Texas","48091","85912"
"Glasscock, Texas","48173","85417"
"Ellis, Texas","48139","85272"
"Travis, Texas","48453","85043"
"Wilson, Texas","48493","84042"
"Andrews, Texas","48003","80518"
"Guadalupe, Texas","48187","80047"
"Galveston, Texas","48167","79328"
"Bastrop, Texas","48021","78339"
"Carson, Texas","48065","76786"
"Hood, Texas","48221","75851"
"Wise, Texas","48497","75482"
"Kaufman, Texas","48257","75187"
"Tarrant, Texas","48439","73545"
"Mason, Texas","48319","73186"
"Yoakum, Texas","48501","73102"
"Blanco, Texas","48031","71201"
"Armstrong, Texas","48011","71136"
"Hays, Texas","48209","71061"
"Johnson, Texas","48251","70767"
"Randall, Texas","48381","70544"
"Clay, Texas","48077","69967"
"Martin, Texas","48317","69194"
"Orange, Texas","48361","68756"
"Borden, Texas","48033","68500"
"Austin, Texas","48015","68400"
"Oldham, Texas","48359","68077"
"Winkler, Texas","48495","67904"
"Crane, Texas","48103","67804"
"Gaines, Texas","48165","67728"
"Medina, Texas","48325","67180"
"Archer, Texas","48009","67083"
"Fayette, Texas","48149","66624"
"Lampasas, Texas","48281","66506"
"Lipscomb, Texas","48295","66250"
"Ward, Texas","48475","66216"
"Washington, Texas","48477","65913"
"Harris, Texas","48201","65788"
"Waller, Texas","48473","65379"
"Burnet, Texas","48053","65363"
"Hardin, Texas","48199","65347"
"Dallas, Texas","48113","65011"
"Ector, Texas","48135","64975"
"Garza, Texas","48169","64871"
"Bandera, Texas","48019","64495"
"Gillespie, Texas","48171","64438"
"Burleson, Texas","48051","64109"
"Bailey, Texas","48017","64044"
"Kent, Texas","48263","63994"
"Atascosa, Texas","48013","63391"
"Caldwell, Texas","48055","63380"
"Cooke, Texas","48097","63338"
"McMullen, Texas","48311","63056"
"Parmer, Texas","48369","62885"
"Llano, Texas","48299","62839"
"Reagan, Texas","48383","62829"
"Roberts, Texas","48393","62717"
"Smith, Texas","48423","62518"
"Stonewall, Texas","48433","62273"
"Kerr, Texas","48265","62204"
"Bexar, Texas","48029","62169"
"Grayson, Texas","48181","62078"
"Tom Green, Texas","48451","62052"
"Calhoun, Texas","48057","61887"
"Sutton, Texas","48435","61538"
"Franklin, Texas","48159","61391"
"Hartley, Texas","48205","61196"
"Van Zandt, Texas","48467","61121"
"Schleicher, Texas","48413","61094"
"Dallam, Texas","48111","61069"
"Hunt, Texas","48231","61053"
"La Salle, Texas","48283","61042"
"Jackson, Texas","48239","60807"
"Lee, Texas","48287","60750"
"Victoria, Texas","48469","60598"
"Rusk, Texas","48401","60330"
"Howard, Texas","48227","60260"
"Madison, Texas","48313","59923"
"Palo Pinto, Texas","48363","59796"
"Fannin, Texas","48147","59686"
"San Patricio, Texas","48409","59532"
"Nueces, Texas","48355","59477"
"Bosque, Texas","48035","59328"
"Motley, Texas","48345","59286"
"Montague, Texas","48337","59127"
"Grimes, Texas","48185","59086"
"Kinney, Texas","48271","58925"
"Delta, Texas","48119","58705"
"Frio, Texas","48163","58456"
"Wood, Texas","48499","58418"
"Coryell, Texas","48099","58414"
"Upton, Texas","48461","58333"
"Harrison, Texas","48203","57996"
"Bell, Texas","48027","57932"
"DeWitt, Texas","48123","57873"
"Taylor, Texas","48441","57811"
"Hill, Texas","48217","57800"
"Hopkins, Texas","48223","57745"
"Lavaca, Texas","48285","57602"
"Ochiltree, Texas","48357","57413"
"Hutchinson, Texas","48233","57288"
"Jack, Texas","48237","56916"
"Erath, Texas","48143","56691"
"Gregg, Texas","48183","56566"
"Lubbock, Texas","48303","56529"
"Hardeman, Texas","48197","56400"
"Colorado, Texas","48089","55945"
"Freestone, Texas","48161","55910"
"Fisher, Texas","48151","55862"
"Callahan, Texas","48059","55820"
"Rains, Texas","48379","55758"
"Comanche, Texas","48093","55743"
"Robertson, Texas","48395","55709"
"Gonzales, Texas","48177","55698"
"Kimble, Texas","48267","55677"
"Sherman, Texas","48421","55667"
"Pecos, Texas","48371","55652"
"Jones, Texas","48253","55575"
"Moore, Texas","48341","55543"
"Sterling, Texas","48431","55481"
"Upshur, Texas","48459","55046"
"Bowie, Texas","48037","54949"
"Shackelford, Texas","48417","54896"
"Hemphill, Texas","48211","54867"
"Panola, Texas","48365","54853"
"Webb, Texas","48479","54618"
"Cherokee, Texas","48073","54222"
"Floyd, Texas","48153","54007"
"Wharton, Texas","48481","53963"
"Liberty, Texas","48291","53871"
"Titus, Texas","48449","53818"
"McLennan, Texas","48309","53723"
"Jefferson, Texas","48245","53613"
"Castro, Texas","48069","53551"
"Reeves, Texas","48389","53548"
"Mills, Texas","48333","53483"
"Scurry, Texas","48415","53376"
"Wichita, Texas","48485","53272"
"Childress, Texas","48075","53092"
"Donley, Texas","48129","52888"
"Live Oak, Texas","48297","52870"
"Polk, Texas","48373","52826"
"Milam, Texas","48331","52810"
"Crockett, Texas","48105","52731"
"Brazos, Texas","48041","52658"
"Angelina, Texas","48005","52377"
"Goliad, Texas","48175","52335"
"Wheeler, Texas","48483","52138"
"Runnels, Texas","48399","52103"
"Young, Texas","48503","52074"
"Henderson, Texas","48213","51963"
"Val Verde, Texas","48465","51949"
"Uvalde, Texas","48463","51602"
"Lamar, Texas","48277","51561"
"Aransas, Texas","48007","51509"
"Camp, Texas","48063","50947"
"El Paso, Texas","48141","50919"
"Refugio, Texas","48391","50745"
"Gray, Texas","48179","50635"
"Navarro, Texas","48349","50466"
"Knox, Texas","48275","50163"
"Mitchell, Texas","48335","50144"
"Lamb, Texas","48279","50041"
"Kleberg, Texas","48273","49986"
"Lynn, Texas","48305","49747"
"Anderson, Texas","48001","49736"
"Cass, Texas","48067","49626"
"Deaf Smith, Texas","48117","49611"
"Karnes, Texas","48255","49526"
"Limestone, Texas","48293","49507"
"Hockley, Texas","48219","49241"
"Brown, Texas","48049","49232"
"Tyler, Texas","48457","49130"
"Bee, Texas","48025","48822"
"Brewster, Texas","48043","48679"
"Leon, Texas","48289","48676"
"Hale, Texas","48189","48649"
"Matagorda, Texas","48321","48566"
"Haskell, Texas","48207","48432"
"Terry, Texas","48445","47734"
"Jim Wells, Texas","48249","47629"
"Hansford, Texas","48195","47500"
"Throckmorton, Texas","48447","47500"
"Nacogdoches, Texas","48347","47306"
"Coleman, Texas","48083","47216"
"Terrell, Texas","48443","47012"
"San Saba, Texas","48411","46927"
"Concho, Texas","48095","46719"
"San Jacinto, Texas","48407","46678"
"McCulloch, Texas","48307","46552"
"Stephens, Texas","48429","46537"
"Morris, Texas","48343","46468"
"Trinity, Texas","48455","45392"
"Wilbarger, Texas","48487","45262"
"Potter, Texas","48375","45096"
"Nolan, Texas","48353","44700"
"Hidalgo, Texas","48215","44666"
"Zavala, Texas","48507","44573"
"Shelby, Texas","48419","44504"
"Maverick, Texas","48323","44502"
"Jasper, Texas","48241","44356"
"Crosby, Texas","48107","44304"
"Walker, Texas","48471","44104"
"Real, Texas","48385","44083"
"Hamilton, Texas","48193","44030"
"Eastland, Texas","48133","43953"
"Duval, Texas","48131","43836"
"Baylor, Texas","48023","43705"
"Cottle, Texas","48101","43654"
"Houston, Texas","48225","43644"
"Marion, Texas","48315","43153"
"San Augustine, Texas","48405","43130"
"Cameron, Texas","48061","43057"
"Dawson, Texas","48115","42778"
"Kenedy, Texas","48261","42778"
"Coke, Texas","48081","42639"
"Collingsworth, Texas","48087","42446"
"Dickens, Texas","48125","42241"
"King, Texas","48269","42125"
"Hall, Texas","48191","41467"
"Sabine, Texas","48403","41308"
"Red River, Texas","48387","40674"
"Menard, Texas","48327","40341"
"Edwards, Texas","48137","40000"
"Irion, Texas","48235","39770"
"Swisher, Texas","48437","39685"
"Willacy, Texas","48489","39401"
"Jeff Davis, Texas","48243","38659"
"Briscoe, Texas","48045","38469"
"Cochran, Texas","48079","38203"
"Newton, Texas","48351","38116"
"Foard, Texas","48155","37679"
"Jim Hogg, Texas","48247","37342"
"Falls, Texas","48145","35317"
"Zapata, Texas","48505","34406"
"Culberson, Texas","48109","34239"
"Starr, Texas","48427","33334"
"Hudspeth, Texas","48229","32404"
"Brooks, Texas","48047","26827"
"Presidio, Texas","48377","26395"
"Dimmit, Texas","48127","25000"
"Loving, Texas","48301","no data/suppressed"

"undefined"